fpr,tpr,threshold
0.0,0.0,inf
0.0,0.01020408163265306,0.9999953508377075
0.0,0.9795918367346939,0.8221560716629028
0.11513157894736842,0.9795918367346939,0.052240725606679916
0.11513157894736842,0.9897959183673469,0.0511561743915081
0.2730263157894737,0.9897959183673469,0.019179539754986763
0.2730263157894737,1.0,0.019148722290992737
1.0,1.0,0.002626987174153328
