fpr,tpr,threshold
0.0,0.0,inf
0.0,0.011627906976744186,0.9999827146530151
0.0,1.0,0.9901605844497681
1.0,1.0,0.0005187211208976805
