fpr,tpr,threshold
0.0,0.0,inf
0.0,0.01020408163265306,0.999990701675415
0.0,0.9489795918367347,0.829994797706604
0.003289473684210526,0.9489795918367347,0.8249362111091614
0.003289473684210526,0.9795918367346939,0.3872191607952118
0.19736842105263158,0.9795918367346939,0.02273675799369812
0.19736842105263158,0.9897959183673469,0.022016027942299843
0.6414473684210527,0.9897959183673469,0.004905354231595993
0.6414473684210527,1.0,0.004896280821412802
1.0,1.0,0.00023057838552631438
