fpr,tpr,threshold
0.0,0.0,inf
0.0,0.010752688172043012,0.9999977350234985
0.0,0.978494623655914,0.4152446985244751
0.022222222222222223,0.978494623655914,0.12512604892253876
0.022222222222222223,0.989247311827957,0.12179003655910492
0.2634920634920635,0.989247311827957,0.003547094762325287
0.2634920634920635,1.0,0.0035308441147208214
1.0,1.0,3.8778784073656425e-05
