fpr,tpr,threshold
0.0,0.0,inf
0.0,0.046511627906976744,1.0
0.0,0.1511627906976744,0.9999998807907104
0.0,0.19767441860465115,0.9999997615814209
0.0,0.23255813953488372,0.9999995231628418
0.0,1.0,0.9404928088188171
1.0,1.0,3.530425374265178e-06
