fpr,tpr,threshold
0.0,0.0,inf
0.0,0.011627906976744186,0.9999984502792358
0.0,0.06976744186046512,0.999982476234436
0.0,0.09302325581395349,0.9999812841415405
0.0,0.18604651162790697,0.9999735355377197
0.0,0.20930232558139536,0.9999730587005615
0.0,1.0,0.9363936185836792
1.0,1.0,3.5231232686783187e-07
