epoch,train_loss,val_f1,val_accuracy,val_auc
1,0.13373,0.95294,0.98044,0.99437
2,0.02775,0.94118,0.97555,0.99414
3,0.03746,0.95906,0.98289,0.99491
4,0.01916,0.9011,0.95599,0.99593
5,0.02082,0.95906,0.98289,0.99528
6,0.02383,0.94737,0.978,0.99485
7,0.01046,0.94186,0.97555,0.99372
8,0.01166,0.94737,0.978,0.99508
9,0.00652,0.95349,0.98044,0.99428
10,0.00736,0.94675,0.978,0.99437
11,0.00722,0.94253,0.97555,0.99439
12,0.00378,0.94253,0.97555,0.99489
13,0.00344,0.95858,0.98289,0.99414
