epoch,train_loss,val_f1,val_accuracy,val_auc
1,0.2982,0.88073,0.93659,0.99874
2,0.09712,0.95477,0.97805,0.99947
3,0.05485,0.98446,0.99268,0.99967
4,0.03168,0.95,0.97561,0.9993
5,0.02849,0.96447,0.98293,0.99944
6,0.03205,0.95,0.97561,0.99904
7,0.02492,0.9596,0.98049,0.99924
8,0.01912,0.95477,0.97805,0.99917
9,0.01498,0.95,0.97561,0.99917
10,0.00914,0.95477,0.97805,0.99841
11,0.01099,0.9596,0.98049,0.99924
12,0.01143,0.95477,0.97805,0.99897
13,0.00556,0.9596,0.98049,0.9992
