epoch,train_loss,val_f1,val_accuracy,val_auc
1,0.13059,0.96257,0.98284,0.98761
2,0.03412,0.96774,0.98529,0.99082
3,0.01908,0.98913,0.9951,0.99157
4,0.03215,0.98378,0.99265,0.99679
5,0.02304,0.97326,0.98775,0.99638
6,0.02895,0.97326,0.98775,0.9913
7,0.02992,0.97326,0.98775,0.99355
8,0.02579,0.98378,0.99265,0.98809
9,0.0113,0.98378,0.99265,0.99126
10,0.01007,0.98378,0.99265,0.99345
11,0.00609,0.97849,0.9902,0.99
12,0.01326,0.96739,0.98529,0.99324
13,0.00306,0.98378,0.99265,0.98843
