epoch,train_loss,val_f1,val_accuracy,val_auc
1,0.12523,0.9697,0.98775,0.99989
2,0.04317,0.96341,0.98529,0.99981
3,0.04107,0.96386,0.98529,0.99989
4,0.04314,0.975,0.9902,0.98476
5,0.03937,0.9697,0.98775,0.99973
6,0.03122,1.0,1.0,1.0
7,0.01677,1.0,1.0,1.0
8,0.01819,1.0,1.0,1.0
9,0.01394,0.95238,0.98039,1.0
10,0.02179,0.99379,0.99755,1.0
11,0.02187,0.97561,0.9902,1.0
12,0.01961,0.9697,0.98775,1.0
13,0.01519,0.99379,0.99755,1.0
14,0.00587,1.0,1.0,1.0
15,0.00405,1.0,1.0,1.0
16,0.00267,1.0,1.0,1.0
